1.png,dyzw
2.png,vtah
3.png,hyz9
4.png,fqmc
5.png,7d4y
6.png,tzwu
7.png,5bv2
8.png,n8sh
9.png,ytnr
10.png,s774
11.png,d4yy
12.png,rmuk
13.png,3qhy
14.png,ghbm
15.png,nw5a
16.png,fsrt
17.png,czc4
18.png,6xdq
19.png,9z27
20.png,72zz
21.png,nu5q
22.png,chwf
23.png,s2hz
24.png,272z
25.png,unrz
26.png,mhnv
27.png,hx48
28.png,adu4
29.png,vuru
30.png,bu36
31.png,nh29
32.png,8r4f
33.png,bpar
34.png,e96a
35.png,mphn
36.png,4khw
37.png,gn84
38.png,cwd6
39.png,ts2s
40.png,7tas
41.png,7sgf
42.png,kkyz
43.png,bevh
44.png,7zzm
45.png,pygv
46.png,g29g
47.png,xnwd
48.png,tvek
49.png,u59f
50.png,swwm
51.png,2eu6
52.png,yk8g
53.png,54rf
54.png,w7s7
55.png,vpmc
56.png,m4md
57.png,ebu2
58.png,f9d9
59.png,6u63
60.png,9enp
61.png,nbwg
62.png,3eze
63.png,9eav
64.png,b83q
65.png,cwbb
66.png,3b9k
67.png,x7an
68.png,d32n
69.png,a97p
70.png,mmw8
71.png,rvr9
72.png,gw33
73.png,kxbs
74.png,23gm
75.png,z97p
76.png,c4y8
77.png,4s9v
78.png,u5nu
79.png,x5bc
80.png,zeqk
81.png,hmrk
82.png,tx78
83.png,fbbx
84.png,9fnr
85.png,gvhc
86.png,6uxt
87.png,484m
88.png,4zwz
89.png,tck8
90.png,gds5
91.png,wts5
92.png,v9ey
93.png,7bqf
94.png,fgsq
95.png,wbqq
96.png,xf4y
97.png,5272
98.png,xh62
99.png,yn95
100.png,pbhc
